sys.id,fields.title,fields.aiSummaryAccountManagement,fields.aiSummarySupport
https://app.contentful.com/spaces/9o4l1mrd1tci/environments/master/entries/PROJECT-1007,Identifying Documents and Linked Articles - Product Resource Center,The resolution of this ticket indicates progress in fulfilling the customer's request regarding document identification in the Product Resource Center. Account managers may follow up with IAS Billing to confirm the availability of the requested information and ensure satisfaction.,Support personnel should note that the ticket regarding the identification of documents in the Product Resource Center for IAS Billing has been resolved. This information can be communicated to the customer as the task has been completed successfully. Further support may be required if the customer has additional queries or requests.
https://app.contentful.com/spaces/9o4l1mrd1tci/environments/master/entries/SUPPORT-4058,Create new space under Integral Ads organization and migrate Intranet space (currently under LR) into this new space,"This ticket's completion is crucial for customer satisfaction, as it involves significant changes for IAS Billing's organizational setup. Account managers should ensure prompt communication with the customer to gather necessary details and progress the ticket efficiently.","Support personnel do not have specific actions at this stage, as the ticket is in the initial To Do phase. However, staying informed about the progress and any potential customer inquiries related to this ticket will be essential for future interactions."
https://app.contentful.com/spaces/9o4l1mrd1tci/environments/master/entries/SUPPORT-4049,Re-Run AnswerAI Glossary Report - Top Five,"For account management, ensuring timely resolution of the duplicate terms issue in the glossary report is crucial for customer satisfaction. Monitoring progress and communicating any delays or updates to the customer are essential to maintain a positive relationship with IAS Billing.","Support should be aware that a re-run of the AnswerAI Glossary Report is needed due to duplicates in the top five terms. Keeping track of Brad's progress in fixing the local build, resolving the duplicates, and ensuring the successful generation of the updated report for IAS Billing will be important. Any updates or delays should be communicated to the customer promptly."
https://app.contentful.com/spaces/9o4l1mrd1tci/environments/master/entries/PROJECT-1004,Create API Endpoint to retrieve specific terms and its definition,Progress has been made on the API endpoint creation for IAS Billing. Timely completion and accuracy of the endpoints are critical for customer satisfaction. Coordination with the engineering team for testing and validation is essential to meet customer requirements.,The created API endpoints by Adam Harris will enable IAS Billing to retrieve specific term definitions efficiently. Support should be prepared to assist with testing the endpoints and validating the responses to ensure they meet the customer's requirements. Keeping track of any issues or discrepancies in the endpoint functionality will be crucial for providing effective support.
https://app.contentful.com/spaces/9o4l1mrd1tci/environments/master/entries/IASWEB-41,IAS - June Sprint,"At this stage, account managers should be informed about the ongoing scoping activities for the IAS Billing account related to the June Sprint. There might be a need to coordinate with the customer to gather more detailed requirements to ensure the project aligns with their expectations.","Support personnel may not have direct involvement at this stage, as the ticket is still in the Discovery / Scoping phase. However, staying informed about the progress and being prepared for potential future technical requirements based on the scoping results would be beneficial."
https://app.contentful.com/spaces/9o4l1mrd1tci/environments/master/entries/SUPPORT-4053,Update Healthcheck for IAS to account for the issues in SUPPORT-4052,"Given the task in progress and essential updates pending, the account manager should ensure effective communication between the engineering team and support personnel to address the health check update for IAS Billing promptly. Monitoring progress and coordinating with the project manager to define requirements and timelines are crucial for customer satisfaction and successful resolution.","Support personnel should be prepared to provide assistance in gathering additional details from Cameron and other team members regarding the health check update requirements for IAS Billing. Ensuring clarity on the task deliverables, potential challenges, and dependencies will facilitate a smoother transition to the implementation phase once the task moves into progress."
https://app.contentful.com/spaces/9o4l1mrd1tci/environments/master/entries/IASWEB-37,Intranet Website Project,,
https://app.contentful.com/spaces/9o4l1mrd1tci/environments/master/entries/IASWEB-50,Add variants to BLOCK content type - 50/50 & 25/75 & 75/25,"As the ticket is in the To Do stage, there are no significant implications for customer satisfaction or account status at this time. However, the Account Manager should monitor the progress of the ticket to ensure timely resolution and keep the customer informed of any development.",Support personnel do not need to take any immediate action on this ticket as it is in the To Do stage and no updates or progress have been made. Support should be prepared to assist with any customer queries or issues that may arise once the ticket moves into the In Progress or Resolved stage.
https://app.contentful.com/spaces/9o4l1mrd1tci/environments/master/entries/IASWEB-47,Wheel of Benefits,,
https://app.contentful.com/spaces/9o4l1mrd1tci/environments/master/entries/SUPPORT-4051,Help Center Search Not Returning Results - Knowledge Base,"This resolution positively impacts customer satisfaction for IAS Billing, as their reported issue has been resolved promptly. No follow-up action is needed from the account manager in this case.","The ticket was resolved by Cameron Taylor, who identified and fixed the issue related to the Help Center search problem for IAS Billing. The support team should be aware of the resolution for future reference."
https://app.contentful.com/spaces/9o4l1mrd1tci/environments/master/entries/IASWEB-40,IAS  - May Sprint,"For the account manager handling IAS Billing, ongoing development and execution for the May sprint are in progress. It's crucial to monitor the progress to ensure timely delivery and coordinate with the customer regarding any updates or potential impacts on the project timeline.","Support personnel should be aware that the IAS project for IAS Billing is currently in progress with development and execution activities ongoing. While there are no specific details provided in the comments section, staying updated on the ticket's status and being prepared to assist with any potential customer queries or technical issues is essential."
https://app.contentful.com/spaces/9o4l1mrd1tci/environments/master/entries/SUPPORT-4052,Critical - Helpcenter Redis Issues,"IAS Billing's Helpcenter Redis issue has been resolved promptly, ensuring service stability. Collaborative efforts between team members have led to successful endpoint corrections. Attention should be given to preventive measures and health check modifications as suggested for continued service reliability.","The critical Redis issue impacting IAS Billing's Helpcenter has been successfully resolved with a collaborative effort from the team. Support should be aware of the corrective measures taken, such as hitting the correct endpoint and regular health check evaluations for system stability. Documenting these steps and proposed preventive measures will aid in future support interactions and issue resolutions."
https://app.contentful.com/spaces/9o4l1mrd1tci/environments/master/entries/IASWEB-42,Migration and Enhancement of Glossary Management System,"The enhancement of the Glossary Management System for IAS Billing signifies Last Rev's commitment to improving client systems for better efficiency, ensuring customer satisfaction and maintaining a strong account relationship.",Support personnel should be aware that the Glossary Management System's migration and enhancement project for IAS Billing is underway. Updates on any technical challenges faced by engineers should be closely monitored to provide timely assistance if required.
https://app.contentful.com/spaces/9o4l1mrd1tci/environments/master/entries/IASWEB-48,Okta integration for authentication,The integration of Okta for authenticating access for the IAS Billing customer account is in the planning stage. Keeping a close eye on the progress and ensuring timely updates to the customer would be crucial for maintaining customer satisfaction.,"No customer interactions or support insights are available yet, as the ticket is in the to-do stage. Monitoring customer communication regarding any potential issues or requirements related to Okta integration will be essential once the ticket progresses."
https://app.contentful.com/spaces/9o4l1mrd1tci/environments/master/entries/IASWEB-49,Okta integration for Org chart,"For IAS Billing, the pending Okta integration for the Org chart signifies a potential enhancement in user management capabilities. However, the account manager must coordinate with the customer to gather detailed requirements, establish timelines, and ensure that the implementation aligns with the customer's expectations for improved account functionality.","As the ticket is currently in the todo stage, support personnel must stand by for further updates and details from the customer. It is essential to be prepared to assist with any technical aspects of the Okta integration, once the requirements are clarified, and to ensure smooth implementation and resolution of any potential issues."
https://app.contentful.com/spaces/9o4l1mrd1tci/environments/master/entries/PROJECT-1005,Update Glossary Pages to Use New Content Entries,The update on glossary pages for IAS Billing is crucial for enhancing user experience and content relevance. Monitoring the progress of user acceptance testing and coordinating with the engineering team for successful completion will impact customer satisfaction positively.,Support should be aware that glossary page updates are in progress for IAS Billing. They might need to assist users or gather feedback during user acceptance testing to ensure a smooth transition to the new content entries. Understanding the requirements for proper display of glossary terms will be essential for future support interactions.
https://app.contentful.com/spaces/9o4l1mrd1tci/environments/master/entries/PROJECT-1002,Develop Front-end Accordion Component,The development of the Front-end Accordion Component for IAS Billing is progressing well. It is essential to ensure that the component meets the customer's needs for glossary terms. Monitoring the development progress and coordinating any required changes with the customer may be necessary for successful delivery.,"Support should be aware of the ongoing development of the Front-end Accordion Component for IAS Billing, specifically designed for glossary terms. Understanding the component's purpose and any potential future support needs arising from its implementation will be important."
https://app.contentful.com/spaces/9o4l1mrd1tci/environments/master/entries/SUPPORT-4043,Contentful: Help Center KB ‘compare with current version’ issue,The issue with the Help Center KB feature in Contentful has been identified and is being addressed by Krista Schlumpberger. Continuous communication with IAS Billing regarding the progress and resolution of the reported problem is crucial to maintain customer satisfaction.,Support personnel should be aware that Krista Schlumpberger is actively addressing the reported issue with Contentful support. Monitoring the ongoing communication and potential resolution with Contentful will be essential to keep the customer informed and satisfied.
https://app.contentful.com/spaces/9o4l1mrd1tci/environments/master/entries/PROJECT-872,IAS Analytics Improvements,"Continued progress in IAS Analytics Improvements signifies positive steps towards enhancing customer satisfaction and delivering value to IAS Billing. Regular updates on completed reports, documentation requirements, and stakeholder approvals are crucial for maintaining a strong client relationship and meeting their analytics enhancement expectations.","Support personnel should be aware of ongoing developments in IAS Analytics Improvements, particularly regarding report finalization, UI feedback gathering, and completing action items like creating path reports. Understanding customer approval processes and the need for documentation and stakeholder feedback is crucial for providing effective support during the ticket's progression."
https://app.contentful.com/spaces/9o4l1mrd1tci/environments/master/entries/PROJECT-1003,Create Custom UI Extension for Related Links,"The completion of the Custom UI Extension for Related Links enhances IAS Billing's platform, positively impacting customer satisfaction. No critical follow-ups are required at this time.","The deployment to IAS Billing has been requested, and the ticket is now resolved. Support personnel should be aware of the successful completion of the Custom UI Extension task for Related Links for future reference."
https://app.contentful.com/spaces/9o4l1mrd1tci/environments/master/entries/PROJECT-1015,Deploy custom UI extension to IAS,"For IAS Billing, the user acceptance testing of the custom UI extension is underway. Stay informed about the progress of testing and be prepared to gather feedback from IAS Billing on the functionality and user experience of the deployed extension once testing is completed.",Support personnel should be aware that user acceptance testing for a custom UI extension deployment for IAS Billing is in progress. Stay informed about any feedback or issues identified during testing that may require technical assistance or troubleshooting to ensure a successful deployment.
https://app.contentful.com/spaces/9o4l1mrd1tci/environments/master/entries/SUPPORT-4027,Product Resource Center - Internal Server Error,,
https://app.contentful.com/spaces/9o4l1mrd1tci/environments/master/entries/PROJECT-1001,Update Articles with AnswerAI Integration,"For account managers, it is essential to note that the ticket is scheduled for an update related to AnswerAI integration for IAS Billing. Stay informed about the progress on this task and its potential impact on customer satisfaction. Any delays or issues in implementing this integration could affect the customer's experience, so keep track of the updates and communicate with both the engineering team and the customer as necessary.","Support personnel should be aware that a ticket to update articles with AnswerAI integration for IAS Billing is in the queue. While the ticket is in the ""To Do"" stage currently, support may be required during the implementation phase or post-update to address any customer queries or issues that may arise due to the changes. Stay informed about the progress on this ticket and be prepared to provide assistance as needed once the task moves ahead."
https://app.contentful.com/spaces/9o4l1mrd1tci/environments/master/entries/IASWEB-44,Automate Content Activities,"The automation of content activities for IAS Billing is a positive step towards improving efficiency. Account managers should ensure close communication with the project manager to understand the progress, potential impact on customer satisfaction, and any customer-specific requirements related to the automation process.","Support personnel should be aware that the ticket regarding automating content activities for IAS Billing is currently in progress. While specific customer interactions or technical support requirements are not detailed, support should stay informed about the progress and be ready to provide assistance once the engineering team identifies any needs or post-implementation support requirements."
https://app.contentful.com/spaces/9o4l1mrd1tci/environments/master/entries/IASWEB-43,Stabilize Identity Management,"For IAS Billing, the ongoing efforts to stabilize identity management are critical for maintaining data security and operational efficiency. Account managers need to monitor the progress closely and ensure that any updates or changes related to this task are communicated effectively to the customer. Coordination with the engineering and support teams is essential to address any customer concerns promptly.","Support personnel should be prepared to assist with any customer inquiries or issues related to identity management for IAS Billing. While no specific details are provided, support should stay informed about the progress and be ready to address any concerns or technical queries from the customer regarding this task."
https://app.contentful.com/spaces/9o4l1mrd1tci/environments/master/entries/IASWEB-33,AnswersAI,IAS Billing's request for AnswersAI is being actively worked on by Brad Taylor. The account manager should monitor the progress closely to ensure timely resolution and maintain good communication with the customer regarding any updates or changes to the project timeline.,"Support personnel should be aware that the AnswersAI ticket for IAS Billing is currently in progress with Brad Taylor. While no specific customer action is required at this stage, support should be ready to assist in addressing any technical challenges that may arise during the resolution process."
https://app.contentful.com/spaces/9o4l1mrd1tci/environments/master/entries/PROJECT-702,Signing out of IAS Okta doesn't sign you out of PRC site,This issue may impact user experience for IAS Billing customers. The team is actively working on resolving the authentication discrepancy to ensure seamless transitions between Okta and the PRC site.,Support should be aware of the ongoing investigation into the authentication problem between Okta and the PRC site. Updates on potential solutions and user impact should be closely monitored for effective customer communication.
https://app.contentful.com/spaces/9o4l1mrd1tci/environments/master/entries/PROJECT-852,Search Inquiry - Exploratory options for Algolia,"There is an ongoing exploration of Algolia search options for IAS Billing, indicating proactive engagement with the customer's needs. As the ticket is in the early stage, monitoring progress and ensuring timely communication with the customer regarding potential solutions will be essential for maintaining customer satisfaction.",Support personnel should be aware of the ongoing exploration of Algolia search options for IAS Billing. Monitoring the progress of discussions and potential solutions will be crucial to provide timely assistance and guidance to customers as the ticket progresses through the To Do stage.
https://app.contentful.com/spaces/9o4l1mrd1tci/environments/master/entries/PROJECT-973,IAS Help Center Content Enhancement,,Stay informed about the ongoing enhancements to the IAS Help Center content to provide accurate information to users. Be prepared to address any potential queries or issues related to the updated content once the enhancements are implemented. Familiarize yourself with the project goals and timelines set by Brad Taylor for effective user support during and post-implementation.
https://app.contentful.com/spaces/9o4l1mrd1tci/environments/master/entries/IASWEB-38,IAS - April Sprint,,
https://app.contentful.com/spaces/9o4l1mrd1tci/environments/master/entries/SUPPORT-3916,Fix e2e Failure Detection in Cypress Testing for IAS,The resolution of the e2e failure detection issue for IAS Billing is crucial for customer satisfaction. Monitoring progress and ensuring timely updates to the customer regarding the status and resolution timeline will be essential.,"Support personnel need to be aware of the ongoing e2e failure detection issue in Cypress testing for IAS. Collaborating with engineers, specifically Cameron Taylor, to address the problem and ensure timely resolution will be essential in supporting the customer effectively."
https://app.contentful.com/spaces/9o4l1mrd1tci/environments/master/entries/SUPPORT-3923,Help Center Knowledge Base search is not returning results,The resolution of the Help Center Knowledge Base search issue for IAS Billing reflects positively on our service reliability and responsiveness to customer concerns. No critical follow-ups are needed regarding this ticket.,The reported issue by IAS Billing regarding the Help Center Knowledge Base search has been successfully resolved. It is important to communicate to the customer that the problem has been identified and fixed to maintain customer satisfaction.
https://app.contentful.com/spaces/9o4l1mrd1tci/environments/master/entries/PROJECT-1000,Migrate Glossary Terms to Content Entries,,
https://app.contentful.com/spaces/9o4l1mrd1tci/environments/master/entries/PROJECT-960,Remove Drift from IAS Help Center & PRC,The successful removal of Drift from the IAS Help Center & PRC enhances customer satisfaction and ensures a streamlined user experience. The account manager can notify the customer of the completion and gather feedback for any further improvements or assistance needed.,Support personnel should be aware that the task to remove Drift from IAS Help Center & PRC has been resolved. They can inform customers of the completion and offer assistance if any related issues arise in the future.
https://app.contentful.com/spaces/9o4l1mrd1tci/environments/master/entries/IASWEB-45,Connect Knowledge and Support Data,,
https://app.contentful.com/spaces/9o4l1mrd1tci/environments/master/entries/IASWEB-46,Intelligent Search Functions,,
https://app.contentful.com/spaces/9o4l1mrd1tci/environments/master/entries/SUPPORT-3967,Help Center KB: Search down,,
https://app.contentful.com/spaces/9o4l1mrd1tci/environments/master/entries/SUPPORT-3911,Builds are Failing for ias-rc-prod,"The issue regarding builds failing for ias-rc-prod has been resolved, ensuring customer satisfaction for IAS Billing. No further follow-up is required from the account management perspective.",The ticket submitted by Cameron Taylor regarding builds failing for ias-rc-prod has been resolved after another build. Support personnel can update documentation or knowledge base with details on how such issues were resolved for future reference.
https://app.contentful.com/spaces/9o4l1mrd1tci/environments/master/entries/SUPPORT-3924,Help Center KB: Setup URL redirect for ’Upcoming MRC Reporting Updates’ article new slug,"The issue with the URL redirect setup for the 'Upcoming MRC Reporting Updates' article has been resolved, ensuring smooth navigation for the customer on the Help Center KB. No critical follow-ups are needed at this stage.",The ticket requesting support in setting up a URL redirect for the 'Upcoming MRC Reporting Updates' article has been resolved. It is essential to communicate the successful resolution to the customer to ensure they are aware of the completed changes.
https://app.contentful.com/spaces/9o4l1mrd1tci/environments/master/entries/PROJECT-999,Migration and Enhancement of Glossary Management System,,
https://app.contentful.com/spaces/9o4l1mrd1tci/environments/master/entries/PROJECT-961,Provide the ability to use permalinks with existing anchors,"The implementation of permalinks with existing anchors for IAS Billing has been completed successfully, improving the user experience on the platform. This resolution adds value to the account and enhances customer satisfaction.",Support personnel should be aware that the requested feature for IAS Billing has been successfully implemented and verified by both Camilo Rios and Cameron. This information can be shared with customers if needed for clarification or future reference.
https://app.contentful.com/spaces/9o4l1mrd1tci/environments/master/entries/SUPPORT-3930,Fwd: Urgent: Action Required - Redis Plan Over-Usage Alert!,The resolution of the Redis plan over-usage alert for IAS Billing ensures customer satisfaction and continued service without any disruptions. No critical follow-ups are necessary.,"Support team should be aware that the Redis plan over-usage alert for IAS Billing has been resolved successfully by Maximiliano Techera, with the limits increased to prevent service interruption. No further action or intervention is necessary on the support side."
https://app.contentful.com/spaces/9o4l1mrd1tci/environments/master/entries/PROJECT-882,Users are being redirected to helpcenter.integralads.com instead of staying on integralplatform.com,"The resolution of the redirection issue positively impacts customer experience and aligns with IAS Billing's platform integrity. No critical follow-ups or actions are needed, and customer satisfaction should be maintained.","The redirection issue has been successfully resolved through technical adjustments and alignment of settings. Users should now experience the correct redirection behavior, enhancing their experience on integralplatform.com. No further support actions are required based on the resolution provided."
https://app.contentful.com/spaces/9o4l1mrd1tci/environments/master/entries/PROJECT-945,Help Center Authentication Workflow Redesign ,The successful resolution of the Help Center Authentication Workflow redesign for IAS Billing brings positive implications for user experience and overall satisfaction. Feedback from IAS Billing should be monitored post-implementation to gauge user satisfaction.,The successful resolution of the Help Center Authentication Workflow redesign for IAS Billing ensures improved user authentication and smoother user experiences. Support should be aware of the changes made and any potential user queries or feedback following the redesign implementation. Regular monitoring of user authentication interactions and feedback can help address any potential issues proactively.
https://app.contentful.com/spaces/9o4l1mrd1tci/environments/master/entries/SUPPORT-3915,Help Center: Search not working on KB & PRC,IAS Billing's reported issue regarding the search functionality in the Help Center has been successfully resolved. This quick and effective resolution demonstrates Last Rev's commitment to providing reliable support to customers. It is essential to keep track of customer feedback and promptly address any future issues to maintain high customer satisfaction levels.,The issue reported by IAS Billing regarding the search functionality in the Help Center has been resolved. It is important to ensure seamless communication with customers during issue resolution and provide updates on the progress and resolution steps. Being proactive in monitoring similar issues and collaborating with the engineering team can help in resolving future incidents efficiently.
https://app.contentful.com/spaces/9o4l1mrd1tci/environments/master/entries/PROJECT-972,Contentful - Smartling new language 404 error,"The 404 error for the new language implementation has been resolved for IAS Billing, indicating successful issue resolution and ensuring a smooth customer experience.",The 404 error issue related to the new language implementation for IAS Billing has been successfully resolved. Ensure the customer confirms the fix on the provided link and remains satisfied with the resolution.
https://app.contentful.com/spaces/9o4l1mrd1tci/environments/master/entries/PROJECT-615,Implement Envkey for IAS - 2 Prod and Dev Apps - KB and RC,"No immediate implications for customer satisfaction or account status at this stage, as the ticket is still in the To Do phase. Account managers should monitor progress closely once the implementation begins to ensure timely delivery and customer satisfaction.","Support personnel do not have direct involvement in this ticket at the To Do stage. However, they should be prepared to assist with any technical queries or issues that may arise during the implementation of Envkey for IAS once the ticket moves to the In Progress stage."
https://app.contentful.com/spaces/9o4l1mrd1tci/environments/master/entries/SUPPORT-3907,[P1] [Triggered] [ALERT] IAS PRC Help Center Article Uptime Status,The resolution of the issue with the IAS PRC Help Center Article's uptime status positively impacts customer satisfaction. It is crucial to communicate to the customer that the problem has been fixed and to emphasize the company's commitment to maintaining service reliability.,"The downtime issue with the IAS PRC Help Center Article has been addressed, and the article is now accessible. Communicate with the customer about the resolution and remind them to review the incident to prevent potential future downtimes. Stay vigilant for any related issues that may arise in the future."
https://app.contentful.com/spaces/9o4l1mrd1tci/environments/master/entries/IASWEB-35,IAS - February Bundle,,
https://app.contentful.com/spaces/9o4l1mrd1tci/environments/master/entries/IASWEB-34,Publica Website Project,This ticket signifies the commencement of the Publica Website Project for IAS Billing. The account manager should ensure the contract and SOW are aligned with customer expectations and coordinate with the project manager to kickstart project activities.,"Support personnel do not require immediate action on this ticket as it is in the contractual stage. However, they should be prepared to assist with any technical support needs once the project moves to the In Progress or Resolved stages. "
https://app.contentful.com/spaces/9o4l1mrd1tci/environments/master/entries/IASWEB-36,IAS - March Sprint,"As the issue is resolved and there are no further details available, there are no specific implications for customer satisfaction or follow-ups for account management.","Support personnel should note that the ticket related to the IAS March Sprint has been resolved. No further actions or updates are available, so no specific support insights or customer interactions are needed at this stage."
https://app.contentful.com/spaces/9o4l1mrd1tci/environments/master/entries/SUPPORT-3836,Help Center KB: Preview not syncing,"The resolution of the preview syncing issue for IAS Billing indicates the technical team's responsiveness to customer issues. It is essential to communicate the resolution to the customer promptly and ensure they are satisfied with the outcome. No further follow-up actions are necessary, and the account can proceed smoothly.",The support personnel engaged effectively with the customer to troubleshoot and resolve the issue of the help center KB preview not syncing. It is crucial to document the steps taken for future reference and address similar issues efficiently in the future.
https://app.contentful.com/spaces/9o4l1mrd1tci/environments/master/entries/SUPPORT-3813,Documentation and training on End to End tests in Netlify for IAS,The successful resolution of this ticket indicates a positive outcome for IAS Billing in terms of receiving the required documentation and training on End to End tests in Netlify. Maximiliano Techera's proactive approach and collaboration with the engineering team and stakeholders led to the timely closure of the ticket. Follow-up actions may include ensuring that the documentation is accessible and understood by the customer for effective usage.,Support should be aware that the ticket on providing documentation and training on End to End tests in Netlify for IAS has been resolved successfully. Maximiliano Techera's updates and closure of the ticket indicate that the required support has been provided to the customer. Support can ensure that any follow-up documentation or training needs are addressed promptly for a seamless customer experience.
https://app.contentful.com/spaces/9o4l1mrd1tci/environments/master/entries/IASWEB-22,Hi-priority IAS Support Tickets,"With the resolution of the high-priority support tickets for the IAS Billing account, it's essential to follow up with the customer to confirm their satisfaction and address any remaining concerns. This proactive approach can help reinforce their confidence in our support processes and maintain a positive relationship with Last Rev.","The resolution of these hi-priority tickets without a record of customer communication in this summary suggests that internal notes or direct engagement were pivotal. Future support actions should include ensuring detailed documentation of problem-solving steps is accessible, and preparing to assist the customer with any further questions or issues related to this case.

Given the resolved status but lack of detailed resolution pathway documentation within the ticket, all personnel are urged to check internal resources or engage directly with team members for specific insights pertinent to their roles."
https://app.contentful.com/spaces/9o4l1mrd1tci/environments/master/entries/IASWEB-39,Framework Improvements,,
https://app.contentful.com/spaces/9o4l1mrd1tci/environments/master/entries/SUPPORT-3898,Contentful: Redirect issue with Launch app,"The issue with the launch app on Contentful for IAS Billing has been resolved promptly, ensuring customer satisfaction. Monitoring for any reoccurrence of the issue is recommended.","The redirect issue with the launch app on Contentful for the IAS Billing account has been resolved through a login session reset. Customer can reopen the ticket if the problem persists, with no ongoing support needed for this resolved issue."
https://app.contentful.com/spaces/9o4l1mrd1tci/environments/master/entries/SUPPORT-3902,Contentful - Smartling new language 404 error,,
https://app.contentful.com/spaces/9o4l1mrd1tci/environments/master/entries/PROJECT-903,Set up Contentful environment as Sandbox for new departments,"With **PROJECT-903** being resolved successfully, there's a notable impact on customer satisfaction and account status with IAS Billing. It showcases Last Rev's capability in quickly and efficiently setting up critical infrastructure for the client. Follow-up communication should be initiated by account managers, specifically Julie Basque or Brad Taylor, to ensure IAS Billing's satisfaction and to discuss any potential needs that have surfaced following the new setup. This proactive approach will not only solidify the relationship but could potentially uncover additional opportunities for engagement.","With the completion of the new Contentful environment setup for IAS Billing, Support should be briefed on the project specifics to effectively assist the client in post-setup inquiries or issues. Cameron, Camilo, and Max, merging their support and engineering roles, are likely candidates for this task. They should familiarize themselves with the technical setup and any potential queries the client might have regarding the use of the sandbox environment. Recording common queries and solutions in the internal knowledge base will enhance support efficiency for similar future inquiries."
https://app.contentful.com/spaces/9o4l1mrd1tci/environments/master/entries/PROJECT-887,Help Center KB & PRC: Search Results Highlight,"The successful implementation of the requested feature has not only addressed the customer's immediate concern but is also likely to contribute positively to their overall satisfaction and engagement with our services. Our proactive approach and open communication throughout this ticket's lifecycle underscore our commitment to meeting our clients' needs. Following up with IAS Billing to gather any additional feedback and to ensure that the new feature is performing as expected will be an essential next step. Additionally, sharing insights from this resolution might provide value to other clients with similar needs.","With the resolution of this ticket, it’s noteworthy that search results within the Help Center now feature enhanced visibility of searched terms, a change driven by customer feedback. Should any inquiries or issues arise related to the Help Center search functionality, it's crucial to note this recent improvement. Monitoring customer feedback on this update will be important in ensuring the solution effectively addresses the initial concern and to identify any areas for further improvement. Future tickets regarding the Help Center search may reference the approach and collaboration demonstrated in this resolution process."
https://app.contentful.com/spaces/9o4l1mrd1tci/environments/master/entries/PROJECT-921,Help Center KB: Table Line break & bullets,"Client satisfaction was notably maintained through effective communication and prompt action on the reported issue. However, there is an opportunity for proactive engagement regarding the manual workaround for bullet points and discussing long-term solutions like the additional content model. Follow-up with the customer to ensure their satisfaction with the current resolution and to gauge interest in implementing a more permanent fix.","Support teams should note the resolution details, particularly the workaround for bullet points within Contentful articles. This ticket illustrates a rare instance where waiting for an external vendor's fix was deemed acceptable by the client. Future support tickets can reference this scenario for managing similar issues. Documentation on the workaround and communication with Contentful may be useful for future reference."
https://app.contentful.com/spaces/9o4l1mrd1tci/environments/master/entries/PROJECT-911,Fwd: [External] IASX Contentful -Next Steps,"Krista Schlumpberger has assessed the feasibility of the IASX Contentful - Next Steps request and decided to cancel it based on cost concerns and the lack of an immediate use case. This decision needs to be communicated effectively to the IAS Billing account to manage expectations and maintain a positive relationship. It presents an opportunity to explore alternative solutions or projects that align better with the client's needs and budget, ensuring customer satisfaction and account health.","Support needs to be aware that the IAS Billing's request for the next steps on IASX Contentful has been canceled due to concerns over its practicality and associated costs. While direct support was not required for this ticket, having knowledge of this decision is important for handling any future inquiries from IAS Billing. It ensures support staff can provide informed responses, reaffirming our commitment to addressing our clients' needs within practical limits."
https://app.contentful.com/spaces/9o4l1mrd1tci/environments/master/entries/PROJECT-937,Framework Improvements,"Given this is a new ticket highlighting the need for framework improvements for IAS Billing, it is essential to ensure the customer is kept informed about the progress and any decisions that may affect their account. Engaging with the engineering team to understand the scope of these improvements and any potential impacts on the customer will be crucial for maintaining trust and satisfaction.","While the ticket is still in its early phase and mainly involves engineering and project management decisions, keeping abreast of developments or specific improvements being considered is advisable. This knowledge will be beneficial for responding to any preliminary inquiries or concerns the customer might have regarding potential changes to their service framework. No customer interactions have occurred yet related to this ticket."
